{"eval/loss": 0.9553617835044861, "eval/runtime": 7.6949, "eval/samples_per_second": 5.068, "eval/steps_per_second": 0.65, "train/epoch": 10.0, "train/global_step": 130, "_timestamp": 1707142189.9998064, "_runtime": 1119.605785369873, "_step": 16, "train/loss": 0.9166, "train/learning_rate": 4.800000000000001e-06, "train/train_runtime": 1120.7053, "train/train_samples_per_second": 1.338, "train/train_steps_per_second": 0.116, "train/total_flos": 6.5923713073152e+16, "train/train_loss": 1.2487916726332444, "_wandb": {"runtime": 1156}}